{
	"class_name" : "PinholeCameraParameters",
	"extrinsic" : 
	[
		0.069463672398024687,
		-0.99758428684716527,
		-0.00062358047822752343,
		0.0,
		0.99608943185362231,
		0.069325346124483309,
		0.054770796363103127,
		0.0,
		-0.054595255897447945,
		-0.0044257225798181822,
		0.99849875864376458,
		0.0,
		8.2357547916819165,
		19.023654537429561,
		27.29029456844863,
		1.0
	],
	"intrinsic" : 
	{
		"height" : 701,
		"intrinsic_matrix" : 
		[
			607.08380805289153,
			0.0,
			0.0,
			0.0,
			607.08380805289153,
			0.0,
			641.5,
			350.0,
			1.0
		],
		"width" : 1284
	},
	"version_major" : 1,
	"version_minor" : 0
}