{
	"class_name" : "PinholeCameraParameters",
	"extrinsic" : 
	[
		0.15970755609219817,
		-0.95512936643161916,
		-0.24944215743733314,
		0.0,
		0.083417406713499426,
		-0.2387240948616898,
		0.96749798076774385,
		0.0,
		-0.98363358664914047,
		-0.17532455593099566,
		0.041548373052950838,
		0.0,
		253.40137343760551,
		64.318545049111378,
		277.22957788303711,
		1.0
	],
	"intrinsic" : 
	{
		"height" : 701,
		"intrinsic_matrix" : 
		[
			607.08380805289153,
			0.0,
			0.0,
			0.0,
			607.08380805289153,
			0.0,
			641.5,
			350.0,
			1.0
		],
		"width" : 1284
	},
	"version_major" : 1,
	"version_minor" : 0
}