{
	"class_name" : "PinholeCameraParameters",
	"extrinsic" : 
	[
		-0.13492275409341137,
		0.11908251836857386,
		-0.98367433851191188,
		0.0,
		-0.3204419530391095,
		-0.94464808740055939,
		-0.070405580055465072,
		0.0,
		-0.93761015628049282,
		0.30571121142258356,
		0.16561355635999844,
		0.0,
		2433.3600751143977,
		-684.6957250222606,
		5180.7733060399169,
		1.0
	],
	"intrinsic" : 
	{
		"height" : 701,
		"intrinsic_matrix" : 
		[
			607.08380805289153,
			0.0,
			0.0,
			0.0,
			607.08380805289153,
			0.0,
			641.5,
			350.0,
			1.0
		],
		"width" : 1284
	},
	"version_major" : 1,
	"version_minor" : 0
}