{
	"class_name" : "PinholeCameraParameters",
	"extrinsic" : 
	[
		-0.90149780130267676,
		-0.4326522266767085,
		-0.010666067603658073,
		0.0,
		0.42975707503364802,
		-0.89201182946009416,
		-0.14008480489253489,
		0.0,
		0.051093744284043403,
		-0.13086996162199388,
		0.9900820584376302,
		0.0,
		0.58991678691721205,
		0.14980553475582237,
		4.2332784411805067,
		1.0
	],
	"intrinsic" : 
	{
		"height" : 701,
		"intrinsic_matrix" : 
		[
			607.08380805289153,
			0.0,
			0.0,
			0.0,
			607.08380805289153,
			0.0,
			641.5,
			350.0,
			1.0
		],
		"width" : 1284
	},
	"version_major" : 1,
	"version_minor" : 0
}