{
	"class_name" : "PinholeCameraParameters",
	"extrinsic" : 
	[
		-0.9323157842096923,
		-0.35809071752451205,
		0.050579803639857625,
		0.0,
		0.33752177300698566,
		-0.91179884782294418,
		-0.23388440276121975,
		0.0,
		0.12987044028449007,
		-0.20098233537187221,
		0.97094787172575903,
		0.0,
		-3.7406186767008189,
		2.7269179423518044,
		5.0248845574036807,
		1.0
	],
	"intrinsic" : 
	{
		"height" : 701,
		"intrinsic_matrix" : 
		[
			607.08380805289153,
			0.0,
			0.0,
			0.0,
			607.08380805289153,
			0.0,
			641.5,
			350.0,
			1.0
		],
		"width" : 1284
	},
	"version_major" : 1,
	"version_minor" : 0
}