{
	"class_name" : "PinholeCameraParameters",
	"extrinsic" : 
	[
		0.0031027398188976409,
		-0.99429051812738123,
		0.106661795257722,
		0.0,
		0.97308474771099385,
		-0.021575938644100193,
		-0.22943529075505723,
		0.0,
		0.23042666247170238,
		0.10450284414124816,
		0.96746199345945483,
		0.0,
		-16.471554000053388,
		-2.6527903083239917,
		155.87278483126161,
		1.0
	],
	"intrinsic" : 
	{
		"height" : 701,
		"intrinsic_matrix" : 
		[
			607.08380805289153,
			0.0,
			0.0,
			0.0,
			607.08380805289153,
			0.0,
			641.5,
			350.0,
			1.0
		],
		"width" : 1284
	},
	"version_major" : 1,
	"version_minor" : 0
}