{
	"class_name" : "PinholeCameraParameters",
	"extrinsic" : 
	[
		-0.81212530348579182,
		0.57182810860638966,
		-0.11603924183546586,
		0.0,
		-0.57019736334781812,
		-0.81997800161010925,
		-0.050110315372067678,
		0.0,
		-0.12380411248947663,
		0.025469414660153258,
		0.99197976322481618,
		0.0,
		101.41480997733731,
		187.6881844522469,
		3304.1702902137877,
		1.0
	],
	"intrinsic" : 
	{
		"height" : 701,
		"intrinsic_matrix" : 
		[
			607.08380805289153,
			0.0,
			0.0,
			0.0,
			607.08380805289153,
			0.0,
			641.5,
			350.0,
			1.0
		],
		"width" : 1284
	},
	"version_major" : 1,
	"version_minor" : 0
}